"","doi","title"
"1",NA,"the types of the folktale. a classification and bibliography"
"2",NA,"cultural complexity and demography: the case of folktales"
"3",NA,"kaiser und abt: die geschichte eines schwankes"
"4",NA,"the cultural evolution of language"
"5","10.1163/156853701300063589","spreading non-natural concepts: the role of intuitive conceptual structures in memory and transmission of cultural materials"
"6",NA,"some experiments on the reproduction of folk-stories"
"7",NA,"peopling of the new world in light of the data on distribution of folklore motifs"
"9","10.1017/ehs.2021.37","prestige and content biases together shape the cultural transmission of narratives"
"10",NA,"essays on cultural transmission"
"11","10.1073/pnas.1614395114","inferring patterns of folktale diffusion using genomic data"
"12",NA,"fairy tales: a new history"
"13",NA,"cultural evolution of craft traditions"
"14",NA,"cultural transmission and evolution: a quantitative approach"
"15",NA,"a phylogenetic approach to mythology and its archaeological consequences"
"16",NA,"polyphemus, a palaeolithic tale?"
"17",NA,"the selfish gene"
"18",NA,"little red riding hood: a casebook"
"19",NA,"the golden bough; a study in magic and religion"
"20","10.1098/rsos.150645","comparative phylogenetic analyses uncover the ancient roots of indo-european folktales"
"21",NA,"language phylogenies"
"22",NA,"preface (m"
"23",NA,"the historic-geographic method: past and future"
"24",NA,"interpretation of fairy tales: danish folklore in a european perspective"
"25","10.1371/journal.pbio.1001069","phylomemetics—evolutionary analysis beyond the gene"
"26",NA,"manuscript traditions"
"27",NA,"bayesian inference of phylogeny and its impact on evolutionary biology"
"28",NA,"application of phylogenetic networks in evolutionary studies"
"29",NA,"a look ahead in oral literature research"
"30",NA,"cultural entrenchment of folktales is encoded in language"
"31",NA,"the structure and evolution of story networks"
"32",NA,"cladistics. reference module in life sciences"
"33",NA,"folklore methodology"
"34",NA,"cultural evolution: how darwinian theory can explain human culture and synthesize the social sciences"
"35",NA,"experimental studies of cultural evolution"
"36",NA,"a bias for social information in human cultural transmission"
"37",NA,"cultural attraction theory"
"38",NA,"systematic quantitative analyses reveal the folk-zoological knowledge embedded in folktales"
"39","10.1207/s15516709cog0000_68","memory and mystery: the cultural selection of minimally counterintuitive narratives"
"40",NA,"frequency of word-use predicts rates of lexical evolution throughout indo-european history"
"41",NA,"inference of population structure using multilocus genotype data"
"42",NA,"the cinderella cycle"
"43","10.1016/j.evolhumbehav.2015.08.001","folktale transmission in the arctic provides evidence for high bandwidth social learning among hunter-gatherer groups"
"44","10.1098/rspb.2012.3065","population structure and cultural geography of a folktale in europe"
"45",NA,"memory in oral traditions: the cognitive psychology of epic, ballads, and counting-out rhymes"
"46",NA,"information transmission and the oral tradition: evidence of a late-life service niche for tsimane amerindians"
"47",NA,"the works of sir walter scott"
"48",NA,"cooperation and the evolution of hunter-gatherer storytelling"
"49",NA,"explaining culture: a naturalistic approach"
"50",NA,"conspiracy theories: a cultural evolution theory approach"
"51",NA,"cognitive evolution and the transmission of popular narratives: a literature review and application to urban legends"
"52",NA,"expect the unexpected? testing for minimally counterintuitive (mci) bias in the transmission of contemporary legends: a computational phylogenetic approach"
"53",NA,"serial killers, spiders and cybersex social and survival information bias in the transmission of urban legends"
"54",NA,"food, foragers, and folklore: the role of narrative in human subsistence"
"55",NA,"oral storytelling as evidence of pedagogy in forager societies"
"56",NA,"selected papers on folklore"
"57",NA,"oral fairy tale or literary fake? investigating the origins of little red riding hood using phylogenetic network analysis"
"58","10.1371/journal.pone.0078871","the phylogeny of little red riding hood"
"59",NA,"the folktale"
"60",NA,"a descriptive nomenclature for the study of folklore. part i: the process of tradition"
"61",NA,"primitive culture: researches into the development of mythology, philosophy, religion, art, and custom"
"62",NA,"the types of international folktales. a classification and bibliography"
"63",NA,"the transmission of kapsiki-higi folktales over two generations"
"64",NA,"embers of society: firelight talk among the ju/’hoansi bushmen"
"65",NA,"the origins of the world’s mythologies"
"66",NA,"why fairy tales stick: the evolution and relevance of a genre"
"67",NA,"is acctran better than deltran?"
"68",NA,"cultural macroevolution of musical instruments in south america"
"69",NA,"homoplasy excess ratios: new indices for measuring levels of homoplasy in phylogenetic systematics and a critique of the consistency index"
"70",NA,"measures of homoplasy"
"71",NA,"polyphonies et polyrythmies instrumentales d'afrique centrale"
"72",NA,"systèmes musicaux en afrique subsaharienne"
"73",NA,"changing language, remaining pygmy"
"74",NA,"art rupestre en ennedi"
"75",NA,"caractère"
"76",NA,"rooting with multiple outgroups: consensus versus parsimony"
"77",NA,"on cladistic reconstruction of linguistic trees through vowel data"
"78",NA,"evolution of initiation rites during the austronesian dispersal"
"79",NA,"reconstructing african music history: methods and results"
"81",NA,"philosophical foundations of classical evolutionary classification"
"82",NA,"cultural macroevolution and the transmission of traits"
"83",NA,"are cultural phyogenies possible?"
"84",NA,"le chant de la harpe"
"85",NA,"three steps of homology assessment"
"86",NA,"investigating cultural evolution using phylogenetic analysis: the origins and descent of the southeast asian tradition of warp ikat weaving"
"87",NA,"cultural evolution"
"88",NA,"evolution biologique, evolution culturelle"
"90",NA,"apparenter la pensée? vers une phylogénie des concepts savants"
"91",NA,"branching, blending, and the evolution of cultural similarities and differences among human populations"
"92",NA,"frontières africaines et mondialisation"
"93",NA,"pattern and process in paleobiology: the role of cladistic analysis in systematic paleontology"
"94",NA,"cultural evolutionary theory: how culture evolves and why it matters"
"95",NA,"is horizontal transmission really a problem for phylogenetic comparative methods? a simulation study using continuous cultural traits"
"96",NA,"philosophical transactions of the royal society b"
"97",NA,"un ours dans les étoiles, recherche phylogénétique sur un mythe préhistorique"
"98",NA,"a phylogenetic approach of mythology and its archaeological consequences"
"99",NA,"la reconstruction phylogénétique. concepts et méthodes (nouvelle édition revue et augmentée"
"100",NA,"harpes zandé"
"101",NA,"concepts and tests of homology in the cladistic paradigm"
"102",NA,"harp, iii: africa"
"103",NA,"musiques! échos de l’antiquité"
"104",NA,"methods for computing wagner trees"
"105",NA,"the retention index and the rescaled consistency index"
"106",NA,"les harpes du nord-cameroun"
"107",NA,"the treeness of the tree of historical trees of life"
"108",NA,"distinguishing homologous from analogous proteins"
"109",NA,"les premiers voyageurs européens, collecteurs de harpes en afrique centrale"
"110",NA,"innovation crushing cultural memory: harps in south cameroon"
"111",NA,"approche cladistique des vocalismes d’oïl à partir des données de l’alf"
"112",NA,"creating a context for african musical instruments"
"113",NA,"homoplasy and the choice among cladograms"
"114",NA,"continuous characters analyzed as such"
"115",NA,"language trees support the express-train sequence of austronesian expansion"
"116",NA,"does horizontal transmission invalidate cultural phylogenies?"
"117",NA,"cultural variation in africa: role of mechanisms of transmission and adaptation"
"118",NA,"phylogenetic systematics"
"119",NA,"analysis: the herding of sacred cows?"
"120",NA,"classification of musical instruments. translated from the original german by anthony baines and klaus p"
"121",NA,"les traditions musicales de l’ubangi"
"122",NA,"an ethnomusicology of musical instruments: form, function, and meaning"
"123",NA,"quantitative phyletics and the evolution of anurans"
"124",NA,"phylogeographic analysis of the bantu language expansion supports a rainforest route"
"125",NA,"theory of african music"
"126",NA,"l’organologie du zaïre"
"127",NA,"acoustics and evolution of arched harps"
"128",NA,"the evolution of musical diversity: the key role of vertical transmission"
"129",NA,"la musique et ses instruments au musée du quai branly"
"130",NA,"the potential to infer the historical pattern of cultural macroevolution"
"131",NA,"outgroup analysis and parsimony"
"132",NA,"a cladistic evaluation of ancient thai bronze buddha images: six tests for a phylogenetic signal in the griswold collection"
"133",NA,"the role of hypothesized direction of characters in the estimation of evolutionary history"
"134",NA,"the harpist from bichagara and his drummer (ennedi, chad"
"135",NA,"simulating trait evolution for cross-cultural comparison"
"136",NA,"deep history of cultural and linguistic evolution among central african hunter-gatherers"
"137",NA,"morphological characters and homology"
"138",NA,"a critical study of homoplasy in molecular data using morphologically based cladograms and its consequences for character weighting"
"139",NA,"philosophy and the transformation of cladistics"
"140",NA,"cladistic methods in textual, linguistic, and phylogenetic analysis"
"141",NA,"on missing entries in cladistic analysis"
"142",NA,"on character coding for phylogeny reconstruction"
"143",NA,"character selection and the methodology of morphological phylogenetics"
"144",NA,"syntagma musicum ii: de organographia; theatrum instrumentum"
"145",NA,"the language of systematics, and the philosophy of ‘total evidence"
"146",NA,"le cohérentisme en systématique"
"147",NA,"revealing evolutionary patterns behind homogeneity: the case of the palaeolithic assemblages from notarchirico (southern italy"
"148",NA,"notes sur l'instrumentarium musical des ntumu du cameroun"
"149",NA,"four rules for the application of phylogenetics in the analysis of textual traditions"
"150",NA,"le classement des manuscrits par la statistique et la phylogénétique: les cas de grégoire de nazianze et de basile le minime"
"151",NA,"notation and oral tradition"
"152",NA,"sculpter au singulier"
"153",NA,"les harpes"
"154",NA,"evolutionary approaches to cultural and linguistic diversity"
"155",NA,"character states, morphological variation and phylogenetic analyses : a review"
"156","10.13140/RG.2.2.26670.01608","systématique, évolution culturelle et ethnomusicologie: étude interdisciplinaire des harpes africaines"
"157",NA,"studying the diversity of central african harps"
"158",NA,"paup*. phylogenetic analysis using parsimony (*and other methods"
"159",NA,"parsimony, character-state reconstructions, and evolutionary inferences"
"160",NA,"dictionnaire des peuples: sociétés d’afrique, d’amérique, d’asie et d’océanie"
"161",NA,"evolution and cladistics: the fate of darwin's « community of descent »"
"162",NA,"cladus” and clade: a taxonomic odyssey"
"163",NA,"the phylogeny of little red riding hood"
"164",NA,"homology and phylogenetic inference in biological and material cultural evolution"
"165",NA,"phylogenetics and material cultural evolution"
"166",NA,"networks and hierarchies: approaching complexity in evolutionary theory"
"167",NA,"the holy grail of the perfect character: the cladistic treatment of morphometric data"
"168",NA,"la tradition orale et sa méthodologie"
"169",NA,"human migration and african harps"
"170",NA,"a phylogenetic analysis of two preludes from js bach’s well-tempered clavier ii"
"171","10.4207/PA.2011.ART55","palaeolithic punctuations and equilibria: did retention rather than invention limit technological evolution?"
"172","10.1080/03071029108567797","failure to become freemen: urban apprentices in early modern england"
"173",NA,"culture and the evolutionary process"
"174",NA,"are cultural phylogenies possible?"
"175",NA,"the roots of asian weaving: the he haiyan collection of textiles and looms from southwest china"
"176",NA,"japanese wooden boatbuilding"
"177",NA,"neighbor-net: an agglomerative method for the construction of phylogenetic networks"
"179",NA,"a cultural inheritance: the transmission of traditional ikat weaving in the islands of indonesia"
"180",NA,"connecting tai, kam and li peoples through weaving techniques"
"181","10.1098/rsos.170208","the evolution of an ancient technology r"
"182",NA,"phylogenetic analysis of polynesian ritual architecture suggests extensive cultural sharing and innovation"
"183",NA,"apprenticeship: from theory to method and back again"
"184",NA,"hausa weaving: surviving amid the paradoxes"
"185",NA,"myth and meaning and the tukolor loom"
"186",NA,"applications of evolutionary culture theory"
"187",NA,"ikats of savu; women weaving history in eastern indonesia"
"188",NA,"savu; history and oral tradition in an indonesian island"
"189",NA,"cultural transmission, copying errors, and the generation of variation in material culture and the archaeological record"
"190","10.1098/rstb.2020.0056","the uses and abuses of tree thinking in cultural evolution"
"191","10.1111/j.1558-5646.1985.tb00420.x","confidence limits on phylogenies: an approach using the bootstrap"
"192",NA,"the evolution of conformist transmission and the emergence of between-group differences"
"193",NA,"bark-cloth in southeast asia"
"194",NA,"mrbayes: bayesian inference of phylogeny"
"195",NA,"technology as human social tradition"
"196","10.1016/S0278-4165(03)00004-7","cultural transmission, language, and basketry traditions amongst the california indians"
"197",NA,"gendered technology, kinship and cultural transmission among salish-speaking communities on the pacific northwest coast"
"198",NA,"untangling cultural inheritance: language diversity and long-house architecture on the pacific northwest coast"
"199",NA,"sambe: korean hemp fabrics"
"200",NA,"first you must master pain”: the nature and purpose of apprenticeship"
"202",NA,"transmission fidelity is the key to the build-up of cumulative culture"
"203","10.1098/rstb.2012.0119",NA
"204",NA,"openness, secrecy, authorship: technical arts and the culture of knowledge from antiquity to the renaissance"
"205",NA,"differing patterns of material culture intergroup variation on the high plains: quantitative analyses of parfleche characteristics vs. moccasin decoration"
"206",NA,"cultural patterns within and outside of the post-contact great plains as revealed by parfleche characteristics: implications for areal arrangements in artifactual data"
"207",NA,"transmission of biology and culture among post-contact native americans on the western great plains"
"208",NA,"macro-evolutionary studies of cultural diversity: a review of empirical studies of cultural transmission and cultural adaptation"
"209","10.1098/rstb.2010.0238",NA
"210",NA,"moulding minaret makers: a study of apprenticeship and spatial cognition with traditional builders in sana'a, yemen"
"212",NA,"testing for divergent transmission histories among cultural characters: a study using bayesian phylogenetic methods and iranian tribal textile data"
"213",NA,"putting anthropology back together again: the ethnogenetic critique of cladistic theory"
"214",NA,"trees, thickets, or something in between? recent theoretical and empirical work in cultural phylogeny"
"216",NA,"cultural traditions and the evolutionary advantages of noninnovation 2010"
"217","10.1006/jtbi.1997.0460","cultural evolution and units of selection in replicating text"
"218",NA,"cultural macroevolution among high latitude hunter–gatherers: a phylogenetic study of the arctic small tool tradition"
"219",NA,"inferring population histories using cultural data"
"220","10.1098/rspb.2009.1088",NA
"221",NA,"ibn khaldun: the muqaddimah"
"222",NA,"persisting technological boundaries: social interactions, cognitive correlations and polarization"
"223",NA,"carpentry and building in late imperial china: a study of the fifteenth-century carpenter's manual lu ban jing"
"224","10.1145/584091.584093","a mathematical theory of communication"
"225",NA,"cultural learning in hominids: a behavioural ecological approach"
"226",NA,"in mammalian social learning: comparative and ecological perspectives"
"227",NA,"evolutionary biology of skill and information transfer"
"228",NA,"japanese folkcraft pottery apprenticeship: cultural patterns of an educational institution"
"229","10.1016/S0278-4165(02)00002-8","investigating cultural evolution through biological phylogenetic analyses of turkmen textiles"
"230","10.1016/j.evolhumbehav.2009.03.00","on the relationship between inter-individual cultural transmission and population level cultural diversity: a case study of weaving in iranian tribal populations"
"231",NA,"do transmission isolating mechanisms (trims) influence cultural evolution"
"232","10.1098/rstb.2010.0020","the cophylogeny of populations and cultures: reconstructing the evolution of iranian tribal craft traditions using trees and jungles"
"234",NA,"barkcloth, polynesia and cladistics: an update"
"235",NA,"history as a family tree, history as a tangled bank"
"236",NA,"assessing the relative impact of historical divergence and inter-group transmission on cultural patterns: a method from evolutionary ecology"
"237",NA,"communities of practice: learning, meaning, and identity"
"238",NA,"long 2001 p19, quoting connacher adapted from rosenthal"
"239","10.2307/537347","prolegomena to a study of the principal melodic families of british–american folk song"
"240","10.3390/app7121242","melodic similarity and applications using biologically-inspired techniques"
"241","10.1002/(SICI)1521-4036(200001)42:1","the nonparametric behrens–fisher problem: asymptotic theory and a small-sample approximation"
"242","10.2307/25065526","phylogeography of plants in taiwan and the ryukyu archipelago"
"243","10.1007/978-3-319-01595-8_40","alignment methods for folk tune classification"
"244","10.1093/oxfordjournals.molbev.a004030","δ plots: a tool for analyzing phylogenetic distance data"
"245","10.1093/molbev/msj030","application of phylogenetic networks in evolutionary studies"
"246","10.1080/09298215.2017.1316292","finding occurrences of melodic segments in folk songs employing symbolic similarity measures"
"247",NA,"nihon dento ongaku no kenkyu 1. ongaku no tomo sha"
"248","10.18637/jss.v082.i13","lmertest package: tests in linear mixed effects models"
"249","10.1016/j.foodqual.2014.08.004","automated mixed anova modeling of sensory and consumer data"
"250","10.1007/BF00117340","comparison of musical sequences"
"251","10.1080/09298215.2016","melodic contour and mid-level global features applied to the analysis of flamenco cantes"
"252",NA,"biogeography of living mammals in the ryukyu islands"
"253",NA,"a survey of japanese folksongs – okinawa-amami islands"
"254","10.1371/journal.pone.0270354","cultural transmission of traditional songs in the ryukyu archipelago"
"255","10.1007/BF02763404","geographic patterns of endemism and speciation in amphibians and reptiles of the ryukyu archipelago, japan, with special reference to their paleogeographical implications"
"256",NA,"global musical diversity is largely independent of linguistic and genetic histories"
"257",NA,"the linguistic archeology of the ryukyu islands"
"258",NA,"tune families and tune histories: melodic resemblances in british and irish folk tunes"
"259","10.1057/s41599-019-0221-1","cultural evolution of music"
"260",NA,"automatic tune family identification by musical sequence alignment"
"261",NA,"cantocore: a new cross-cultural song classification scheme"
"262",NA,"sequence alignment of folk song melodies reveals cross-cultural regularities of musical evolution"
"263","10.1093/nar/22.22.4673","clustal w: improving the sensitivity of progressive multiple sequence alignment through sequence weighting, position-specific gap penalties and weight matrix choice"
"264",NA,"amami minyo to sono shuhen"
"265","10.1080/09298215.2012","a comparison between global and local features for computational classification of folk song melodies"
"266",NA,"musical models for folk-song melody alignment"
"267","10.1371/journal.pone.0275469","the global jukebox: a public database of performing arts and culture"
"268",NA,"the history of musical culture in ryūkyū"
"269",NA,"minyo oboegaki. sogen sha"
"270","10.1017/ehs.2025.10010","exploring factors for melodic diversification of folk songs in the ryukyu archipelago"
"271",NA,"mobile phones and economic development in africa"
"272",NA,"conformity does not perpetuate suboptimal traditions in a wild population of songbirds"
"273",NA,"the nature of technology: what it is and how it evolves"
"274",NA,"revisiting the effect of population size on cumulative cultural evolution"
"275",NA,"kaya: an r package for sgf processing and go game analysis"
"276",NA,"why cultural distance can promote – or impede – group-beneficial outcomes"
"277",NA,"strategic social learning and the population dynamics of human behavior: the game of go"
"278",NA,"on the dangers of stochastic parrots: can language models be too big?"
"279",NA,"growth, innovation, scaling, and the pace of life in cities"
"280",NA,"invention in the city: increasing returns to patenting as a scaling function of metropolitan size"
"281",NA,"computers and chess masters: the role of ai in transforming elite human performance"
"282",NA,"where do good innovation ideas come from? exploring the influence of network connectivity on innovation idea quality"
"283",NA,"are ideas getting harder to find?"
"284","10.48550/arXiv.2203.13050","evolved open-endedness in cultural evolution: a new dimension in open-ended evolution research"
"286",NA,"machine culture"
"287",NA,"human cumulative culture in the laboratory: effects of (micro) population size"
"289",NA,"finding community structure in very large networks"
"290",NA,"the igraph software package for complex network research"
"291",NA,"effective population size for culturally evolving traits"
"292",NA,"divide and conquer: intermediate levels of population fragmentation maximize cultural accumulation"
"293",NA,"railroads of the raj: estimating the impact of transportation infrastructure"
"294",NA,"philentropy: information theory and distance quantification with r"
"295",NA,"dilution of expertise in the rise and fall of collective innovation"
"296",NA,"go seigen"
"297",NA,"large ai models are cultural and social technologies"
"298",NA,"half a century of quantitative cultural evolution"
"299",NA,"cmdstanr: r interface to ‘cmdstan’"
"300",NA,"demography and cultural evolution: why adaptive cultural processes produced maladaptive losses in tasmania"
"301",NA,"diversity and evenness: a unifying notation and its consequences"
"302",NA,"risk sharing and transactions costs: evidence from kenya’s mobile money revolution"
"303",NA,"how the medium shapes the message: printing and the rise of the arts and sciences"
"304",NA,"the digital provide: information (technology), market performance, and welfare in the south indian fisheries sector*"
"305",NA,"prestige-biased social learning: current evidence and outstanding questions"
"306",NA,"entropy and diversity"
"307",NA,"adaptive social learning: social learning strategies and their applications"
"308",NA,"shannon entropy as a robust estimator of zipf ’s law in animal vocal communication repertoires"
"309",NA,"forgotten books: the application of unseen species models to the survival of culture"
"310",NA,"population size predicts technological complexity in oceania"
"311",NA,"modernization of baduk in korea"
"312",NA,"cultural transmission of move choice in chess"
"313",NA,"behavioural variation in 172 small-scale societies indicates that social learning is the main mode of human adaptation"
"314","10.48550/arXiv.2408.12635","information and motor constraints shape melodic diversity across cultures"
"315","10.48550/arXiv.2111.09259","acquisition of chess knowledge in alphazero"
"316",NA,"innovation-facilitating networks create inequality"
"317",NA,"the go player’s almanac"
"318",NA,"don’t forget humans created the computer program that can beat humans at go"
"320",NA,"go proverbs illustrated"
"321",NA,"the nba is facing an analytics-fueled crisis. mlb can relate"
"322",NA,"fuseki revolution: how ai has changed go"
"323",NA,"human learning from artificial intelligence: evidence from human go players’ decisions after alphago"
"324",NA,"superhuman artificial intelligence can improve human decisionmaking by increasing novelty"
"325",NA,"go! more than a game"
"326",NA,"mastering the game of go without human knowledge"
"327",NA,"maintaining transient diversity is a general principle for improving collective problem solving"
"328","10.31235/osf.io/c7vrw_v2","information architectures: a framework for understanding socio-technical systems"
"329",NA,"the role of population size in folk tune complexity"
"330",NA,"entropy trade-offs in artistic design: a case study of tamil kolam"
"331",NA,"major transitions in information technology"
"332",NA,"the stringdist package for approximate string matching"
"333",NA,"a cultural evolutionary theory that explains both gradual and punctuated change"
"334",NA,"population size and rates of language change"
"335",NA,"escaping optimization traps: the role of cultural adaptation and cultural exaptation in facilitating openended cumulative dynamics"
"336",NA,"conformity bias in the cultural transmission of music sampling traditions"
"337","10.31234/osf.io/n3rvk_v1","simulation-based inference with deep learning shows speed climbers combine innovation and copying to improve performance"
"338",NA,"the history of go rules"
"339","10.1017/ehs.2025.10016","opening strategies in the game of go from feudalism to superhuman ai"
"340","10.31219/osf.io/tg79n","perils and opportunities in using large language models in psychological research"
"341",NA,"evidentiality"
"342","10.1177/1461444820969893","why do so few people share fake news? it hurts their reputation"
"343","10.31234/osf.io/2hxgu","moral cognition as a nash product maximizer: an evolutionary contractualist account of morality"
"344",NA,"la poétique"
"345",NA,"the dialogic imagination: four essays"
"346",NA,"esthétique de la création verbale"
"348",NA,"supernormal stimuli: how primal urges overran their evolutionary purpose"
"349","10.2307/538099","the forms of folklore: prose narratives"
"350",NA,"constellations: des mondes fictionnels dans l’imaginaire contemporain"
"351",NA,"kalahari hunter-gatherers: studies of the !kung san and their neighbors"
"352","10.1007/978-3-031-25056-9_18","is gpt-3 all you need for visual question answering in cultural heritage?"
"353","10.1177/17456916231201512","the effect of income and wealth on behavioral strategies, personality traits, and preferences"
"354","10.1016/S0364-0213(01)00045-3","cognitive templates for religious concepts: cross-cultural evidence for recall of counterintuitive representations"
"355","10.1037/ebs0000280","comic book bodies are supernormal stimuli: comparison of dc, marvel, and actual humans"
"356","10.1163/156770909X12489459066345","counterintuitiveness in folktales: finding the cognitive optimum"
"357","10.2307/1399898","in quest of harmony: plato and confucius on poetry"
"358",NA,"strange writing: anomaly accounts in early medieval china"
"359",NA,"relating personality types with user preferences in multiple entertainment domains"
"360","10.1037/a0027918","monsters evolve: a biocultural approach to horror stories"
"361","10.1073/pnas","adaptive specializations, social exchange, and the evolution of human intelligence"
"362",NA,"the nature of fiction"
"363","10.1515/9781400856466.21","the six dynasties chih-kuai and the birth of fiction"
"364",NA,"is gpt-3 a good data annotator?"
"365",NA,"why and how did narrative fictions evolve? fictions as entertainment technologies"
"366","10.3389/fpsyg.2022.786770",NA
"367","10.1017/S0140525X21000923","why imaginary world? the psychological foundations and cultural evolution of fictions with imaginary worlds"
"368","10.1037/ebs0000355","does curiosity adaptively vary with ecological contexts? a correlational study with socioeconomic status"
"369","10.1016/j.entcom.2025.100930","deep: a model of gaming preferences informed by the hierarchical nature of goaloriented cognition"
"370","10.1057/s41599-025-04877-x","charting the rise of imaginary worlds in history"
"371","10.31219/osf.io/zuejp","a step-by-step method for cultural annotation by llms"
"372","10.1148/radiol.231362","potential of chatgpt and gpt-4 for data mining of free-text ct reports on lung cancer"
"373","10.1037/a0034084","moral disciplining: the cognitive and evolutionary foundations of puritanical morality"
"374","10.1002/ajp.22445","contrasting responses to novelty by wild and captive orangutans"
"375","10.1016/j.tics.2023.04.001","early adversity and the development of explore–exploit tradeoffs"
"376",NA,"the rise of fictionality"
"377",NA,"fictional narrative, factual narrative"
"378","10.1073/pnas.2305016120","chatgpt outperforms crowd workers for text-annotation tasks"
"379",NA,"the scientist in the crib: minds, brains, and how children learn"
"380",NA,"the beginnings of medieval romance: fact and fiction, 1150–1220"
"381","10.1126/science.adi1778","ai and the transformation of social science research"
"382",NA,"the work of the imagination"
"383","10.1017/S0140525X22000012","expression unleashed: the evolutionary and cognitive foundations of human communication"
"384","10.2307/j.ctv10vm2ns","modernization and postmodernization: cultural, economic, and political change in 43 societies"
"385","10.1093/beheco/arv045","energetic state regulates the exploration–exploitation trade-off in honeybees"
"386","10.30884/jogs/2019.01.04","human values and modernization: a global analysis"
"387","10.1016/j.paid.2004.11.002","personality, media preferences, and cultural participation"
"388",NA,"chatgpt: beginning of an end of manual linguistic data annotation? use case of automatic genre identification"
"389","10.1037/0033-295X.94.4.412","pretense and representation: the origins of “theory of mind”"
"390","10.1073/pnas","the rise of prosociality in fiction preceded democratic revolutions in early modern europe"
"391","10.1016/j.evolhumbehav","time is money. waiting costs explain why selection favors steeper time discounting in deprived environments"
"392","10.1016/j.bbr.2017.02.038","environmental factors and teenagers’ personalities: the role of personal and familial socio-cultural level"
"393","10.1037/gpr0000111","how gullible are we? a review of the evidence from psychology and social science"
"394",NA,"not born yesterday: the science of who we trust and what we believe"
"395","10.1046/j.1439-0310.2002.00773.x","the significance of ecological factors for exploration and neophobia in parrots"
"396",NA,"why monsters are dangerous"
"397","10.31234/osf.io/wsdu8","we are what we watch: movie plots predict the personalities of those who ‘like"
"398","10.1556/JCEP.3.2005.1.3","the wheel of fire and the mating game: explaining the origins of tragedy and comedy"
"399","10.1525/collabra.28105","if men were angels, no government would be necessary’: the intuitive theory of social motivation and preference for authoritarian leaders"
"401","10.1177/08902070221078479","income moderates changes in big-five personality traits across eighteen years"
"402",NA,"before fiction: the ancien régime of the novel"
"403",NA,"technologies of the novel"
"404",NA,"gpt self-supervision for a better data annotator"
"405","10.22148/16.011","fictionality. cultural analytics"
"406",NA,"comment la fiction vint aux chinois"
"407","10.1037/0012-1649.44.4.1195","taking fiction seriously: young children understand the normative structure of joint pretence games"
"408","10.31234/osf.io/sekf5","gpt is an effective tool for multilingual psychological text analysis"
"409","10.1145/3587102.3588792","can gpt-4 support analysis of textual data in tasks requiring highly specialized domain expertise?"
"410","10.1016/j.evolhumbehav.2024.03.002","oral storytelling: humanity’s first data management system?"
"411",NA,"pourquoi la fiction? seuil"
"412","10.1007/s00265-021-03041-0","neophobia in 10 ungulate species – a comparative approach"
"413","10.1007/978-3-319-16999-6_672-1","evolutionary personality psychology"
"414","10.2307/468422","the logical status of fictional discourse"
"415",NA,"ecological contexts associated with early childhood curiosity: neighborhood safety, home and parenting quality, and socioeconomic status"
"416","10.3389/fpsyg.2023.986221",NA
"417","10.1006/anbe.2002.3031","experimental provisioning increases play in free-ranging meerkats"
"418",NA,"metarepresentations: a multidisciplinary perspective"
"419","10.1111/j.1468-0017.2010.01394.x","epistemic vigilance"
"420","10.1177/0894439312453567","expect the unexpected? testing for minimally counterintuitive (mci) bias in the transmission of contemporary legends: a computational phylogenetic approach"
"421",NA,"distant time: a possible typological literary universal"
"422",NA,"why women read fiction: the stories of our lives"
"423",NA,"social behavior in animals with special reference to vertebrates"
"424",NA,"the herring gull’s world: a study of the social behaviour of birds"
"425","10.1017/ehs.2020.21","open-ended cumulative cultural evolution of hollywood film crews"
"426","10.2307/3685502","does beauty build adapted minds? toward an evolutionary theory of aesthetics, fiction and the arts"
"427",NA,"the emergence of literary diction"
"428","10.31234/osf.io/zc5a3","greater wealth is associated with higher prosocial preferences and behaviours across 76 countries"
"429",NA,"religion as make-believe: a theory of belief, imagination, and group identity"
"430","10.1098/rstb.2015.0183","the reluctant innovator: orangutans and the phylogeny of creativity"
"431",NA,"mimesis as make-believe: on the foundations of the representational arts"
"432","10.1073/pnas.1404212111","embers of society: firelight talk among the ju/’hoansi bushmen"
"433",NA,"building imaginary worlds: the theory and history of subcreation"
"434","10.1111/cdev.12081","revisiting the fantasy–reality distinction: children as naïve skeptics"
"435","10.1073/pnas","childhood unpredictability and the development of exploration"
"436","10.1007/s10826-018-1130-4","family socio-economic status and parent–child relationships are associated with the social creativity of elementary school children: the mediating role of personality traits"
"437","10.15195/v12.a10","literary fiction indicates early modernization in china prior to western influence"
"438",NA,"quantifying and explaining the rise of fiction"
"439","10.1017/ehs.2025.10011",NA
"440","10.1057/s41599-019-0224-y","cognitive attraction and online misinformation"
"441","10.1371/journal.pone.0059030","the expression of emotions in 20th century books"
"442",NA,"canon/archive: large-scale dynamics in the literary field"
"443","10.1093/llc/fqz013","distant viewing: analyzing large visual corpora"
"444",NA,"the dialogic imagination"
"445",NA,"unspeakable sentences"
"446",NA,"the formula: the universal laws of success"
"447",NA,"an introduction to the structural analysis of narrative"
"448",NA,"narration in the fiction film"
"449","10.1017/ehs.2019.11","cultural evolution of emotional expression in 50 years of song lyrics"
"450","10.1016/0378-2166(82)90021-2","stories are to entertain: a structural-affect theory of stories"
"451",NA,"statistical analysis of television style: what can numbers tell us about tv editing?"
"452",NA,"adventure, mystery, and romance: formula stories as art and popular culture"
"453",NA,"story and discourse: narrative structure in fiction and film"
"454",NA,"future-war fiction: the first main phase, 1871-1900"
"455",NA,"movies on our minds: the evolution of cinematic engagement"
"456","10.1068/i0441aap",NA
"457","10.3167/proj.2015.090204","shot durations, shot classes, and the increased pace of popular movies"
"458",NA,"a general rhetoric"
"459","10.1163/15685373-12342107","corpses, maggots, poodles and rats: emotional selection operating in three phases of cultural transmission of urban legends"
"460",NA,"anatomy of criticism"
"461","10.1073/pnas.1720347115","word embeddings quantify 100 years of gender and ethnic stereotypes"
"462",NA,"a history of european versification"
"463",NA,"narrative discourse: an essay in method"
"464",NA,"cultural macroevolution matters"
"465","10.1098/rsbl.2003.0045","drift as a mechanism for cultural change: an example from baby names"
"466",NA,"the structure of literary evolution"
"467","10.3167/proj.2008.020102","neurocinematics: the neuroscience of film"
"468","10.1016/S0304-422X(99)00021-2","suspense, curiosity, and surprise: how discourse structure influences the affective and cognitive processing of a story"
"469",NA,"quantitative patterns of stylistic influence in the evolution of literature"
"470",NA,"press room"
"471","10.1016/j.jtbi.2013.03.006","a non-equilibrium neutral model for analysing cultural change"
"472","10.1002/asi.23805","goodreads reviews to assess the wider impacts of books"
"473",NA,"handbook of empirical literary studies"
"474","10.1038/s41562-020-0844-7","neutral syndrome"
"475","10.1038/s41467-021-25477-8","understanding the onset of hot streaks across artistic, cultural, and scientific careers"
"476","10.1038/s41586-018-0315-8","hot streaks in artistic, cultural, and scientific careers"
"477","10.1037/0033-2909.116.1.75","the psychology of curiosity: a review and reinterpretation"
"478","10.1111/j.1551-6709.2008.01001.x","the repetition-break plot structure: a cognitive influence on selection in the marketplace of ideas"
"479",NA,"folk song style and culture"
"480",NA,"literaturovedenie dolzhno but naukoj"
"481",NA,"semiotics of cinema"
"482",NA,"the clockwork muse: the predictability of artistic change"
"483","10.1073/pnas.2009571117","the rise of prosociality in fiction preceded democratic revolutions in early modern europe"
"485","10.1098/rspb.2018.0712","what is cumulative cultural evolution? proceedings of the royal society b"
"486",NA,"conjectures on world literature"
"487",NA,"the slaughterhouse of literature"
"488",NA,"graphs, maps, trees: abstract models for a literary history"
"489",NA,"distant reading"
"490","10.1080/02699931.2016.1260528","birth of the cool: a two-centuries decline in emotional expression in anglophone fiction"
"491","10.1017/9781108890861","technologies of the novel: quantitative data and the evolution of literary systems"
"492",NA,"evolution and literary history"
"493",NA,"not by genes alone: how culture transformed human evolution"
"494",NA,"handbook of stemmatology history, methodology, digital approaches"
"495","10.1126/science.1121066","experimental study of inequality and unpredictability in an artificial cultural market"
"496","10.1371/journal.pone.0266556","semantics of european poetry is shaped by conservative forces: the relationship between poetic meter and meaning in accentualsyllabic verse"
"497",NA,"o teorii prozy"
"498","10.1017/ehs.2020.30","coding culture: challenges and recommendations for comparative cultural databases"
"499",NA,"charting artistic evolution: an essay in theory"
"500",NA,"cultural attraction in film evolution: the case of anachronies"
"501","10.1163/15685373-12342189","chicken tumours and a fishy revenge: evidence for emotional content bias in the cumulative recall of urban legends"
"502",NA,"emotion and the structure of narrative film: film as emotion machine"
"504","10.1515/9781644690635","permanent evolution: selected essays on literature, theory and film"
"505",NA,"distant horizons: digital evidence and literary change"
"506",NA,"a poetics of composition"
"507",NA,"the types of international folktales: a classification and bibliography, based on the system of antti aarne and stith thompson"
"508",NA,"istoricheskaia poetika"
"509",NA,"cross-evaluation of metrics to estimate the significance of creative works"
"510","10.1016/j.tics.2021.03.008","why and how should cognitive science care about aesthetics?"
"511",NA,"the concept of evolution in literary history"
"512","10.1016/j.respol.2017.10.007","serendipity: towards a taxonomy and a theory"
"513",NA,"the methodology of scientific study of literature"
"514","10.1515/jlt-2019-0002","speech distribution in five-act tragedies (a question of classicism and romanticism"
"515",NA,"a bibliometric analysis of the interdisciplinary field of cultural evolution"
"516",NA,"the oxford handbook of cognitive literary studies"
"517",NA,"if we are all cultural darwinians what’s the fuss about? clarifying recent disagreements in the field of cultural evolution"
"518",NA,"i am error: the nintendo family computer/entertainment system platform"
"520",NA,"atari design: impressions on coin-operated video game machines"
"521",NA,"experimental evolution of evolvability"
"522",NA,"the evolution of technology"
"523","10.31234/osf","opening strategies in the game of go from feudalism to superhuman ai"
"526","10.1890/03-9000","toward a metabolic theory of ecology"
"527",NA,"how darwinian is cultural evolution?"
"528",NA,"parallel causation in oncogenic and anthropogenic degradation and extinction"
"529",NA,"on the multiscale dynamics of punctuated evolution"
"531",NA,"the natural evolution of computing"
"532",NA,"untangling herdan’s law and heaps’ law: mathematical and informetric arguments"
"533",NA,"alternative approaches to evolutionary theory"
"534",NA,"unfinished synthesis: biological hierarchies and modern evolutionary thought"
"535",NA,"living fossils: introduction to the casebook"
"536",NA,"cultural traits operating in senders are driving forces of cultural evolution"
"537",NA,"a universal power law for modelling the growth and form of teeth, claws, horns, thorns, beaks, and shells"
"538",NA,"assassin’s creed reminds us that history is human experience"": students’ senses of empathy while playing a narrative video game"
"539",NA,"the origin and function of ’bizarre’ structures: antler size and skull size in the ’irish elk"
"540",NA,"the pleasures and perils of darwinizing culture (with phylogenies"
"541",NA,"the secret of our success: how culture is driving human evolution, domesticating our species, and making us smarter"
"542",NA,"the evolution of prestige: freely conferred deference as a mechanism for enhancing the benefits of cultural transmission"
"543",NA,"the product space conditions the development of nations"
"544",NA,"half-real: video games between real rules and fictional worlds"
"545",NA,"homeostasis and differentiation in random genetic control networks"
"546",NA,"defining and identifying sleeping beauties in science"
"547",NA,"the ultimate history of video games, volume 1: from pong to pokemon and beyond... the story behind the craze that touched our lives and changed the world"
"548",NA,"coin-operated americans: rebooting boyhood at the video game arcade"
"549",NA,"explaining technology"
"551",NA,"the rise and fall of species: implications for macroevolutionary and macroecological studies"
"552",NA,"identifying heterogeneity in rates of morphological evolution: discrete character change in the evolution of lungfish (sarcopterygii; dipnoi"
"553",NA,"videogames in computer space: the complex history of pong"
"554",NA,"multiple arcade machine emulator"
"555",NA,"atari acts in an attempt to scuttle software pirates"
"556",NA,"theoretical morphology: the concept and its applications"
"558",NA,"cultural evolution of football tactics: strategic social learning in managers’ choice of formation"
"559",NA,"the cultural transmission of great basin projectile-point technology i: an experimental simulation"
"560",NA,"racing the beam: the atari video computer system"
"561",NA,"atari age: the emergence of video games in america"
"562",NA,"handbook of computer game studies"
"563",NA,"ehat are patterns of rise and decline?"
"564",NA,"theoretical morphology of the coiled shell"
"565",NA,"eords as alleles: connecting language evolution with bayesian learners to models of genetic drift"
"566",NA,"first-mover advantage in music"
"567",NA,"evolving complexity: how tinkering shapes cells, software and ecological networks"
"568",NA,"the evolutionary ecology of technological innovations"
"570",NA,"the bretskyan hierarchy, multiscale allopatry, and geobiomes—on the nature of evolutionary things"
"571",NA,"a theory of evolution above the species level"
"572",NA,"the end of the line: competitive exclusion and the extinction of historical entities"
"574",NA,"inspecting video game historiography through critical lens: etymology of the first-person shooter genre"
"575",NA,"the fantastic: a structural approach to a literary genre [originally published in french as introduction à la littérature fantastique (1970"
"576",NA,"tempo and mode in cultural macroevolution"
"577",NA,"the long and winding road: accidents and tinkering in software standardization"
"578",NA,"on the nature of design"
"579",NA,"punctuated equilibrium in the large-scale evolution of programming languages"
"581",NA,"individuals, hierarchies and processes: towards a more complete evolutionary theory"
"582","10.1126/science.276.5309.122","a general model for the origin of allometric scaling laws in biology"
"583",NA,"cultural extinction in evolutionary perspective"
"584",NA,"reconciling taxon senescence with the red queen’s hypothesis"
"585",NA,"another across arcade systems"
"586","10.1016/j.evolhumbehav.2017.03.005","thanks to editor jamie tehrani, a reviewer, and onerva kiianlinna for their useful comments"
"587","10.13128/Aisthesis-16209","beyond the nature-culture dichotomy: a proposal for evolutionary aesthetics"
"590",NA,"the arts are more than aesthetics: neuroaesthetics as narrow aesthetics"
"591","10.1126/sciadv.abd4648","oldest cave art found in sulawesi"
"592","10.1007/s10539-017-9570-6","what are cultural attractors?"
"593","10.1098/rstb.2015.0242","the empirical case against the ‘demographic turn’ in palaeolithic archaeology"
"594","10.1002/evan.21467","the acheulean handaxe: more like a birds song than a beatles tune?"
"595","10.1098/rspb.2021.0225","loss of vocal culture and fitness costs in a critically endangered songbird"
"596",NA,"the descent of man, and selection in relation to sex"
"597",NA,"the artful species"
"598",NA,"animal signals: information or manipulation"
"599",NA,"the rise and fall of the third chimpanzee"
"600",NA,"homo aestheticus: where art comes from and why"
"601","10.1016/j.cognition.2005.11.009","the biology and evolution of music: a comparative perspective"
"602","10.1098/rstb.2014.0091","four principles of bio-musicology"
"603","10.1126/science.aau7224","quantifying reputation and success in art"
"604","10.1037/aca0000135","preference for curved contours across cultures"
"605","10.1017/ehs.2019.8","style of pictorial representation is shaped by intergroup contact"
"606","10.1007/s12110-003-1015-z","music and dance as a coalition signaling system"
"607","10.1177/1029864909013002131","did neanderthals and other early humans sing? seeking the biological roots of music in the territorial advertisements of primates, lions, hyenas, and wolves"
"608",NA,"demography and cultural evolution: how adaptive cultural processes can produce maladaptive losses: the tasmanian case"
"609",NA,"secret of our success: how culture is driving human evolution, domesticating our species, and making us smarter"
"610","10.1016/S1090-5138(00)00071-4","the evolution of prestige: freely conferred deference as a mechanism for enhancing the benefits of cultural transmission"
"611","10.1080/00438243.2015.1074871","the visual brain and the early depiction of animals in europe and southeast asia"
"612","10.1111/evo.14489","modeling how population size drives the evolution of birdsong, a functional cultural trait"
"613","10.2326/osj.5.5","selection for and against vocal learning in birds and mammals"
"614","10.1057/s41599-019-0228-7","prestige-biased social learning: current evidence and outstanding questions"
"615","10.1002/oby.23028","upper paleolithic figurines showing women with obesity may represent survival symbols of climatic change"
"616","10.1017/S0003598X00065078","handaxes: products of sexual selection?"
"617","10.1126/science.1210879","cause and effect in biology revisited: is mayrs proximate-ultimate dichotomy still useful?"
"618","10.1002/evan.20093","niche construction, human behavior, and the adaptive-lag hypothesis"
"619","10.1073/PNAS.2101108118","middle pleistocene fire use: the first signal of widespread cultural diffusion in human evolution"
"620",NA,"animal signals"
"621","10.1006/jhev.2000.0435","the revolution that wasn’t: a new interpretation of the origin of modern human behavior"
"622","10.1525/aa.2001.103.4.1196","the mating mind: how sexual choice shaped the evolution of the human nature"
"623",NA,"the prehistory of the mind: a search for the origins of art, religion, and science"
"624","10.1111/cogs.12866","a forward bias in human profile-oriented portraits"
"625","10.1016/j.evolhumbehav.2013.01.004","how portraits turned their eyes upon us: visual preferences and demographic change in cultural evolution"
"626","10.1073/pnas.0703913104","category-specific attention for animals reflects ancestral priorities, not expertise"
"627",NA,"the death of expertise: the campaign against established knowledge and why it matters"
"628","10.1098/rsos.190719","loss of cultural song diversity and the convergence of songs in a declining hawaiian forest bird community"
"629","10.1126/science.1170165","late pleistocene demography and the appearance of modern human behavior"
"630","10.1111/j.1095-8312.2008.01131.x","why do females find ornaments attractive? the coercion-avoidance hypothesis"
"631","10.1007/s10539-013-9389-8","coevolutionary aesthetics in human and biotic artworlds"
"632","10.1016/j.evolhumbehav.2010.02.005","beauty and the beast: mechanisms of sexual selection in humans"
"634","10.1073/pnas.0914631107","gene–culture coevolution in the age of genomics"
"635","10.1038/s41467-020-18566-7","tracking historical changes in trustworthiness using machine learning analyses of facial cues in paintings"
"637","10.1177/1745691610393528","evolutionary theory and the ultimate-proximate distinction in the human behavioral sciences"
"638","10.1037/gpr0000015","cross-species comparison in the evolutionary study of art: a cognitive approach to the ape art debate"
"639","10.22330/heb/311/047-059","proximate and ultimate factors in evolutionary thinking on art"
"640","10.1017/s0959774301000014","demography and cultural innovation: a model and its implications for the emergence of modern human culture"
"641","10.1016/j.tics.2003.11.002","the cognitive foundations of cultural stability and diversity"
"642","10.1016/j.shpsc.2016.12.005","cultural evolution in california and paris. studies in history and philosophy of biological and biomedical sciences"
"643","10.1038/s41467-021-22852-3","balanced imitation sustains song culture in zebra finches"
"644",NA,"from animal signals to art: manipulative animal signaling and the evolutionary foundations of aesthetic behavior and art production"
"645",NA,"duchamp: a biography"
"646",NA,"the psychological foundations of culture"
"647","10.1073/pnas.1520288113","population size does not explain past changes in cultural complexity"
"648","10.1007/978-3-319-76054-4_16","expertise affects aesthetic evolution in the domain of art: evidence from artistic fieldwork and psychological experiments"
"649","10.1007/s10539-021-09786-2","complex vocal learning and three-dimensional mating environments"
"650",NA,"do prestige and animacy matter to art experts? exploring social learning, signaling, perceptual, and cognitive explanations"
"651","10.1007/s12110-016-9274-7","the conundrum of modern art: prestige-driven coevolutionary aesthetics trumps evolutionary aesthetics among art experts"
"652",NA,"evolutionary interactions between human biology and architecture: insights from signaling theory and a cross-species comparative approach"
"653","10.1007/s12064-010-0095-7","sensory exploitation and cultural transmission: the late emergence of iconic representations in human evolution"
"654",NA,"evolutionary aesthetics"
"655","10.1371/journal.pone.0247973","stabilization of cultural innovations depends on population density: testing an epidemiological model of cultural evolution against a global dataset of rock art sites and climate-based estimates of ancient population densities"
"657",NA,"addressing the multistakeholder impact of popularity bias in recommendation through calibration"
"658","10.1080/10588167.2012.700204","association for cultural equity"
"659","10.1016/j.evolhumbehav.2014.02.003","biases in cultural transmission shape the turnover of popular traits"
"660","10.1017/ehs.2021.47","culture without copying or selection"
"661","10.1371/journal.pone.0032541","the logic of fashion cycles"
"662","10.1017/ehs.2020.15","panpipes as units of cultural analysis and dispersal"
"663","10.1525/mp.2014.31.3.223","a statistical approach to tracing the historical development of major and minor pitch distributions, 1400-1750"
"664",NA,"low-skip bias: the distribution of skips across the pitch ranges of vocal and instrumental melodies is vocally constrained"
"665","10.1145/3366423.3380281","algorithmic effects on the diversity of consumption on spotify"
"666","10.1525/mp.2017.35.1.94","the repeated recording illusion: the effects of extrinsic and individual difference factors on musical judgments"
"667","10.1109/MSP.2018.2869928","automatic music transcription: an overview"
"668","10.1016/j.evolhumbehav.2006.10.002","regular rates of popular culture change reflect random copying"
"669","10.1098/rsbl.2010.0437","experimental evidence for real-time song frequency shift in response to urban noise in a passerine bird"
"670",NA,"the million song dataset"
"671","10.3389/fpsyg.2021.629456","higher-order musical temporal structure in bird song"
"673",NA,"the ballad as song"
"674",NA,"human universals"
"675",NA,"the ‘musilanguage’ model of music evolution"
"676","10.1177/0305735611425896","universals in the world’s musics"
"677","10.1098/rspb.2013.2072","correlations in the population structure of music, genes and language"
"678","10.1525/mp.2013.31.1.32","diachronic changes in jazz harmony"
"679","10.1038/ncomms9091","multilevel animal societies can emerge from cultural transmission"
"680","10.1016/j.biocon.2011.12.021","acoustic and behavioural changes by fin whales (balaenoptera physalus) in response to shipping and airgun noise"
"681",NA,"the other classical musics: fifteen great traditions"
"682",NA,"mode classification and natural units in plainchant"
"683",NA,"vanishing languages, reincarnated as music"
"684","10.1126/science.abd5777","singing in a silent spring: birds respond to a half-century soundscape reversion during the covid-19 shutdown"
"685","10.1121/1.3562174","illusory transformation from speech to song"
"686",NA,"el compás flamenco: a phylogenetic analysis"
"687","10.1163/1568539X-00003588","zebra finches go wild! experimental cultural evolution of birdsong"
"688",NA,"antecedents of the temporal arts in early mother–infant interaction"
"689","10.1073/pnas.1406023111","overtone-based pitch selection in hermit thrush song: unexpected convergence with scale construction in human music"
"690","10.1006/anbe.2003.2081","song divergence and male dispersal among bird populations: a spatially explicit model testing the role of vocal learning"
"691","10.5921/yeartradmusi.49.2017.00xv","guest editors’ preface: speech, song, and in-between"
"692","10.1038/nature07994","de novo establishment of wild-type song culture in the zebra finch"
"693",NA,"music and language"
"694","10.1016/j.jtbi.2015.03.020","an agent-based model of dialect evolution in killer whales"
"696","10.1057/s41599-021-00858-y","viral tunes: changes in musical behaviours and interest in coronamusic predict socio-emotional coping during covid-19 lockdown"
"698","10.1038/428910a","whale-call response to masking boat noise"
"699","10.1007/s11192-017-2387-x","western classical music development: a statistical analysis of composers similarity, differentiation and evolution"
"700","10.1142/s0219525903001067","community structure in jazz"
"701","10.1103/PhysRevResearch.2.033166","arrow of time across five centuries of classical music"
"702","10.1080/17411912.2014.1003076","music endangerment: how language maintenance can help"
"703","10.1080/13527258.2014.976245","endangered musical heritage as a wicked problem"
"704","10.1126/science.10.1126/SCIENCE.1056960","the music of nature and the nature of music"
"705","10.1126/science.1106340","team assembly mechanisms determine collaboration network structure and team performance"
"706","10.1121/1.3124712","rhythmic structure in humpback whale (megaptera novaeangliae) songs: preliminary implications for song production and perception"
"707","10.3389/fpsyg.2021.684083","a crowd-sourced database of coronamusic: documenting online making and sharing of music during the covid-19 pandemic"
"708","10.1057/s41599-020-00678-6","exploring the foundations of tonality: statistical cognitive modeling of modes in the history of western classical music"
"709","10.31234/osf.io/rz6qn","spotify to let artists promote music for cut in royalty rates. the guardian"
"710",NA,"musicality as an upbeat to music: introduction and research agenda"
"711","10.1098/rstb.2014.0088","without it no music: cognition, biology and evolution of musicality"
"712","10.1098/rsos.171274","musical trends and predictability of success in contemporary songs in and out of the top charts"
"713",NA,"resolutions: definition of folk music"
"714","10.1525/MP.2020.37.3.185","cross-cultural work in music cognition: challenges, insights, and recommendations"
"715","10.1016/j.cub.2016.12.031","integer ratio priors on musical rhythm revealed cross-culturally by iterated reproduction"
"716","10.31234/osf.io/b879v","universality and cross-cultural variation in mental representations of music revealed by global comparison of rhythm priors"
"717","10.1038/s41598-020-60055-w","elites, communities and the limited benefits of mentorship in electronic music"
"718",NA,"how “fans also like"
"719","10.1371/journal.pone.0024516","complex sequencing rules of birdsong can be explained by simple hidden markov processes"
"720","10.1098/rsif.2017.0231","hierarchical temporal structure in music, speech and animal vocalizations: jazz is like a conversation, humpbacks sing like hermit thrushes"
"721","10.1098/rsif.2018.0731","fashion and art cycles are driven by counter-dominance signals of elite competition: quantitative evidence from music styles"
"722","10.31235/osf.io/659bt","the evolutionary dynamics of cultural change (as told through the birth and brutal, blackened death of metal music"
"723","10.1038/s41467-018-04728-1","cultural conformity generates extremely stable traditions in bird song"
"724","10.1111/j.1439-0310.2011.01930.x","a tradeoff between performance and accuracy in bird song learning"
"725",NA,"sense and nonsense: evolutionary perspectives on human behaviour"
"726","10.1371/journal.pone.0151570","the evolution of musical diversity: the key role of vertical transmission"
"727","10.5281/zenodo.5625680","cross-cultural mood perception in pop songs and its alignment with mood detection algorithms"
"728","10.1080/09298215.2012.668194","a phylogenetic approach to music performance analysis"
"729","10.1371/journal.pone.0058710","a statistical physics view of pitch fluctuations in the classical music from bach to chopin: evidence for scaling"
"731",NA,"factors of musical style"
"732","10.1126/science.177.4045.228","the evolutionary taxonomy of culture"
"733","10.1162/ARTL_a_00238","cultural transmission and evolution of melodic structures in multi-generational signaling games"
"734","10.1073/pnas.1203182109","evolution of music by public choice"
"735",NA,"the role of song phonology and syntax in vocal learning preferences in the song sparrow, melospiza melodia"
"736",NA,"stylistic evolution in european music"
"737","10.1126/sciadv.abd9223","exploring correlations in genetic and cultural variation across language families in northeast asia"
"738","10.1098/rsos.150081","the evolution of popular music: usa 1960–2010"
"739","10.31234/osf.io/a97x4","cross-cultural data shows musical scales evolved to maximise imperfect fifths"
"740",NA,"convergent evolution in a large cross-cultural database of musical scales"
"741","10.1177/2059204318757021","using agent-based models to understand the role of individuals in the song evolution of humpback whales (megaptera novaeangliae"
"743","10.1098/rstb.2020.0053","cultural selection and biased transformation: two dynamics of cultural evolution"
"744","10.1017/S0140525X20000345","origins of music in credible signaling"
"745","10.1126/science.aax0868","universality and diversity in human song"
"746","10.1016/j.cub.2017.12.042","form and function in human song"
"747",NA,"evolution of human music through sexual selection"
"748","10.1038/35016148","whale songs lengthen in response to sonar"
"749","10.1098/rspb.2020.2001","motor constraints influence cultural evolution of rhythm"
"750","10.1098/rsos.170433","significance and popularity in music production"
"751","10.1371/journal.pcbi.1009707","measuring context dependency in birdsong using artificial neural networks"
"752","10.1098/rspb.2018.1356","acoustic adaptation to city noise through vocal learning by a songbird"
"753","10.1525/jams.2014.67.3.735.I","evolutionary categories and musical style from adler to america"
"754","10.1038/s41598-019-52380-6","manipur’s tarao language, on the verge of extinction, is being revived through a musician’s folk project"
"755","10.1525/jpms.2018.300411","quantitative sentiment analysis of lyrics in popular music"
"756","10.1108/s0733-558x20220000077007","bustin’ out: the evolution of novelty and diversity in recorded music"
"757",NA,"response to victor grauer: on the concept of evolution in the history of ethnomusicology"
"758",NA,"the study of ethnomusicology: thirty-three discussions"
"759",NA,"comparative musicology and anthropology of music: essays on the history of ethnomusicology"
"760","10.1098/rspa.2014.0905","the evolution of air resonance power efficiency in the violin and its ancestors"
"761",NA,"the overlooked tradition of “personal music” and its place in the evolution of music"
"762","10.3389/fpsyg.2019.03051",NA
"763",NA,"algorithms of oppression"
"764","10.1017/S0140525X14001356","the cultural evolution of prosocial religions"
"765","10.1080/15405702.2019.1627548","beyond the black box in music streaming: the impact of recommendation systems upon artists"
"766","10.1371/journal.pone.0250212","cover versions as an impact indicator in popular music: a quantitative network analysis"
"767",NA,"music, language and the brain"
"768",NA,"music as a transformative technology of the mind: an update"
"769","10.1017/S0140525X20001089","where they sing solo: accounting for cross-cultural variation in collective music-making in theories of music evolution"
"770","10.1140/epjds/s13688-015-0039-z","topology and evolution of the network of western classical music compose"
"771","10.1121/1.2799904","short- and long-term changes in right whale calling behavior: the potential effects of noise on acoustic communication"
"773","10.1371/journal.pone.0115255","instrumentational complexity of music genres and why simplicity sells"
"774",NA,"how the mind works"
"775",NA,"what else do we say when we say “music evolves”?"
"776","10.1038/s41562-016-0007","musical evolution in the lab exhibits rhythmic universals"
"777","10.1111/nyas.13610","evolving building blocks of rhythm: how human cognition creates music via cultural transmission"
"778","10.1371/journal.pone.0029741","changes in humpback whale song occurrence in response to an acoustic source 200 km away"
"779","10.1073/pnas.1222336110","perceptual basis of evolving western musical styles"
"780","10.1038/s41598-018-22933-2","multifractal analysis reveals music-like dynamic structure in songbird rhythms"
"781","10.1016/j.cub.2020.06.072","categorical rhythms are shared between songbirds and humans"
"782","10.2307/40285265","the search for a survival value of music"
"783","10.1098/rstb.2014.0097","principles of structure building in music, language and animal song"
"784","10.1098/rspa.2021.0457","modelling song popularity as a contagious process"
"785","10.1016/j.heares.2013.08.016","investigation of musicality in birdsong"
"787",NA,"leading the herd astray: an experimental study of self-fulfilling prophecies in an artificial cultural market"
"788","10.1177/2059204318786084","measuring the cultural evolution of music: with case studies of british-american and japanese folk, art, and popular music"
"789","10.1057/s41599-019-0221-1f5z3","cultural evolution of music"
"791","10.31234/osf.io/q3egp","toward a new comparative musicology"
"792","10.1073/pnas.1414495112","statistical universals reveal the structures and functions of human music"
"793",NA,"quantitative evaluation of music copyright infringement"
"794","10.1017/S0140525X20000333","music as a coevolved system for social bonding"
"795","10.1017/S0140525X21000042","authors’ response: toward inclusive theories of the evolution of musicality"
"796","10.1016/j.cub.2022.01.039","sequence alignment of folk song melodies reveals cross-cultural regularities of musical evolution"
"797","10.1525/MP.2017.34.3.327","global music recordings support the motor constraint hypothesis for human and avian song contour"
"798","10.1098/rsos.190944","five decades of us, uk, german and dutch music charts show that cultural processes are accelerating"
"799","10.1017/S0140525X20001181","ecological and psychological factors in the cultural evolution of music"
"800",NA,"ethnomusicology and music law"
"801",NA,"the computational study of a musical culture through its digital traces"
"802","10.1038/srep00521","measuring the evolution of contemporary western popular music"
"803","10.1007/978-3-642-11674-2_14","audio cover song identification and similarity: background, approaches, evaluation, and beyond"
"804","10.1140/epjds/s13688-021-00293-8","heaps’ law and vocabulary richness in the history of classical music harmony"
"805","10.1016/j.anbehav.2013.01.021","songs of the city: noise-dependent spectral plasticity in the acoustic phenotype of urban birds"
"806","10.3389/fpsyg.2021.663397","from beethoven to beyoncé: do changing aesthetic cultures amount to “cumulative cultural evolution?"
"807","10.1080/2153599X.2017.1323779","spotify’s “plagiarism detector” aims to expose music that is unoriginal"
"808","10.1371/journal.pone.0256901","evaluating the relative contributions of copying and reconstruction processes in cultural transmission episodes"
"809","10.31234/osf.io/2he8k","the role of population size in folk tune complexity"
"810",NA,"the oxford history of western music"
"811","10.1063/1.2988285","community structures and role detection in music networks"
"812","10.1086/510463","phylogenetics and material cultural evolution"
"813","10.1016/j.socnet.2019.10.005","social complex contagion in music listenership: a natural experiment with 1.3 million participants"
"814","10.1038/s41562-020-00987-5","learning metrics on spectrotemporal modulations reveals the perception of musical instrument timbre"
"815","10.1073/pnas.1103882108","the motor origins of human and avian song structure"
"816",NA,"a mathematical analysis of african, brazilian, and cuban clave rhythms"
"817",NA,"classification and phylogenetic analysis of african ternary rhythm timelines"
"818","10.1073/pnas.1510724112","cross-cultural convergence of musical features"
"819","10.1016/j.poetic.2015.06.005","a community ecology of genres: explaining the emergence of new genres in the uk field of electronic/dance music, 1985-1999"
"820","10.1371/journal.pone.0244576","why are song lyrics becoming simpler? a time series analysis of lyrical complexity in six decades of american popular music"
"821","10.3389/fpsyg.2021.668300","melodic universals emerge or are sustained through cultural evolution"
"822",NA,"computational corpus analysis: a case study on jazz solos"
"823","10.1177/1029864918757595","investigating style evolution of western classical music: a computational approach"
"824","10.1080/15405702.2020.1715980","organizing music, organizing gender: algorithmic culture and spotify recommendations"
"825","10.1080/0022250X.2021.1956918","drifting to the top? disentangling mechanisms influencing the turnover rate of popular music the turnover rate of popular music"
"826","10.1093/em/cau100","a phylogenetic analysis of orlando gibbons’s prelude in g"
"827","10.5406/ethnomusicology.62.3.0403","like a cry from the heart”: an insider’s view on the genesis of alan lomax’s ideas and the legacy of his research: part ii"
"828","10.1371/journal.pone.0211860","cultural transmission modes of music sampling traditions remain stable despite delocalization in the digital age"
"829","10.1098/rsos.191149","conformity bias in the cultural transmission of music sampling traditions"
"830","10.1016/j.evolhumbehav.2021.06.002","phylogenetic reconstruction of the cultural evolution of electronic music via dynamic community detection (1975–1999"
"831","10.1016/j.anbehav.2021.12.012","content bias in the cultural evolution of house finch song"
"832","10.31234/osf.io/tq7v5","perceptual vs. automated judgments of music copyright infringement"
"833","10.1098/rstb.2020.0242","global cultural evolutionary model of humpback whale song"
"834","10.1093/oxfordhb/9780198869252.013.39","the cultural transmission and evolution of folk narratives"
"835","10.1017/ehs.2025.10009","african harps as units of cultural evolution: a cladistic analysis on their morphology"
"836","10.1093/oxfordhb/9780198869252.013.40","craft traditions"
"838","10.1017/ehs.2025.10016","opening strategies in the game of go from feudalism to
superhuman ai"
"839","10.1017/ehs.2025.10011","quantifying and explaining the rise of fiction"
"840","10.1093/oxfordhb/9780198869252.013.45","evolution of modern literature and film"
"841","10.1017/ehs.2025.10015","the cultural macroevolution of arcade video games: innovation, collaboration, and collapse"
"842","10.1093/oxfordhb/9780198869252.013.43","signalling and the cultural evolution of art"
"843","10.1093/oxfordhb/9780198869252.013.42","cultural evolution and music"
"844","10.1086/316099","age and the quality of work: the case of modern american painters"
"845",NA,"a network framework of cultural history"
"846","10.1016/j.poetic.2015.01.001","place and culture-making: geographic clumping in the emergence of artistic schools"
"849","10.1038/s41598-024-60957-z","social signals predict contemporary art prices better than visual features, particularly in emerging markets"
"850","10.1073/pnas.2106152118","postmortem memory of public figures in news and social media"
"851","10.1073/pnas.2313580120","the afterlife of artists"
"852",NA,"the artful species: aesthetics, art, and evolution"
"853",NA,"ethology, interpersonal neurobiology, and play"
"854","10.1073/pnas.1800083115","history of art paintings through the lens of entropy and complexity"
"855",NA,"the shape of art history in the eyes of the machine"
"856","10.1007/978-3-642-41190-8_22","an early framework for determining artistic influence"
"858",NA,"progress in art"
"859","10.2307/773419","the theory of evolution in the history of art"
"860","10.1371/journal.pone.0202019","compression in cultural evolution: homogeneity and structure in the emergence and evolution of a large-scale online collaborative art project"
"861","10.1111/j.1469-7580.2009.01160.x","the evolution of human artistic creativity"
"862","10.1016/j.jcz.2015.05.001","elephas anthropogenus"
"863","10.1163/15685373-12340030","why was the color violet rarely used by artists before the 1860s?"
"864","10.1098/rspa.2017.0859","how realistic are painted lightnings? quantitative comparison of the morphology of painted and real lightnings: a psychophysical approach"
"865","10.1017/ehs.2021.14","entropy trade-offs in artistic design: a case study of tamil \textitkolam"
"866","10.2139/ssrn.3258318","fame as an illusion of creativity: evidence from the pioneers of abstract art"
"868",NA,"tallinn university dissertations on humanities"
"869","10.1073/pnas.2302269120","the fragility of artists’ reputations from 1795 to 2020"
"870","10.1163/15685373-12340203","did teddy bears culturally evolve to be cuter? a preregistered replication"
"872","10.1038/srep02758","quantitative analysis of the evolution of novelty in cinema through crowdsourced keywords"
"876","10.1057/palcomms.2015.38","the evolving perception of controversial movies"
"877","10.4324/9780203489970","hollywood economics"
"878","10.1093/acprof:oso/9780199797813.003.0005","film through the human visual system"
"879",NA,"evolutionary dynamics of cultural memes and application to massive movie data"
"880","10.1068/i0441aap","quicker, faster, darker: changes in hollywood film over 75 years"
"882",NA,"détection automatique de l'architextualité dans le roman d'aventures"
"883",NA,"locating the leading edge of cultural change"
"884","10.1515/jlt-2019-0002","speech distribution in five-act tragedies (a question of classicism and romanticism)"
"885",NA,"success in books: a big data approach to bestsellers"
"886","https://doi.org/10.1002/asi.23971","the cultural evolution of national constitutions"
"890","10.1007/s11059-014-0241-1","taking darwin metaphorically and literally: genres and sciences in a survival struggle"
"892","10.2979/victorianstudies.54.1.79","learning to read data: bringing out the humanistic in the digital humanities"
"893","10.1073/pnas.1611910114","quantitative criticism of literary relationships"
"895","10.1093/llc/fqaf081","growing and pruning the archive: an agent-based model to build letter correspondence networks"
"896","10.1057/s41599-025-05166-3","sameness entices, but novelty enchants in fanfiction online"
"897","10.2307/468599","the life and death of literary forms"
"898","10.1215/00267929-61-1-207","the slaughterhouse of literature"
"899","10.18419/opus-12721","a computational stylistics of poetry : distant reading and modeling of german and english verse"
"900","10.15195/v9.a8","cohort succession explains most change in literary culture"
"901","10.1177/0963947015623419","the loss of poetic effects: from indeterminate to conventionalised meaning"
"902","10.1515/JLT.2007.009","a tale of two natures: worried reflections on the study of literature and culture in an age of neuroscience and neo-darwinism"
"903","10.1632/pmla.2020.135.1.40","the lag: technology and fiction in the twentieth century"
"904","10.1109/BigData.2013.6691676","mapping mutable genres in structurally complex volumes"
"905","10.1353/nlh.2017.0025","examples, samples, signs: an artifactual view of fictionality in the french novel, 1681–1830"
"906","10.1215/00267929-3570656","turbulent flow"
"907","10.1016/0304-422X(72)90029-0","the structure of literary evolution"
"908","10.1215/03335372-2648377","before the “inward turn”: tracing represented thought in the french novel (1800-1929)"
"909","10.1073/pnas.2121798119","historical representations of social groups across 200 years of word embeddings from google books"
"910","10.1038/s41562-022-01292-z","the cultural evolution of love in literary history"
"911",NA,"goethe, objecthood, and the handling of knowledge"
"912","10.1145/2464576.2482720","simulating the cultural evolution of literary genres"
"913","10.1093/llc/fqx031","dialogism in the novel: a computational model of the dialogic nature of narration and quotations"
"914","10.1017/S0140525X21000923","why imaginary worlds? the psychological foundations and cultural evolution of fictions with imaginary worlds"
"915","10.7208/chicago/9780226612973.001.0001","distant horizons: digital evidence and literary change"
"916","10.48694/jcls.3582","stylistic history of the hungarian novel based on sentence structures"
"917","10.1016/j.poetic.2024.101862","the psychological origins of science fiction"
"918","10.1126/science.abl7655","forgotten books: the application of unseen species models to the survival of culture"
"919",NA,"lost manuscripts and extinct texts: a dynamic model of cultural transmission"
"921",NA,"the rise and fall of genre differentiation in english-language fiction"
"922",NA,"does literature evolve one funeral at a time?"
"923","10.48694/jcls.3917","small worlds: measuring the mobility of characters in english-language fiction"
"924",NA,"lost manuscripts and extinct texts : a dynamic model of cultural transmission"
"925","10.5334/johd.95","multihathi: a complete collection of multilingual prose fiction in the hathitrust digital library"
"926","10.22148/001c.70251","the wikipedia republic of literary characters"
"927","10.1038/s44271-024-00117-1","the rising entropy of english in the attention economy"
"929",NA,"the sympathetic plot, its psychological origins, and implications for the evolution of fiction"
"931",NA,"network analysis and the sociology of modernism"
"932","10.48550/arXiv.2308.03224","quantifying the evolution of harmony and novelty in western classical music"
"933",NA,"cultural transmission modes of music sampling traditions remain stable despite delocalization in the digital age"
"934",NA,"statistical universals reveal the structures and functions of human music"
"936","10.1038/s41598-024-55742-x","song lyrics have become simpler and more repetitive over the last five decades"
"940","10.1140/epjds/s13688-025-00571-9","is it getting harder to make a hit? evidence from 65 years of us music chart history"
"941","10.1057/s41599-024-03168-1","computational modeling of interval distributions in tonal space reveals paradigmatic stylistic changes in western music history"
"942","10.1371/journal.pone.0307032","functional diversity in human song"
"944","10.1177/00031224241246271","feature-based structures of opportunity: genre innovation in the american popular music industry, 1958 to 2016"
"945","10.48550/arXiv.2405.07574","is it getting harder to make a hit? evidence from 65 years of us music chart history"
"946","10.1038/s41562-023-01800-9","commonality and variation in mental representations of music revealed by a cross-cultural comparison of rhythm priors in 15 countries"
"947","10.1371/journal.pone.0284851","convergent evolution in a large cross-cultural database of musical scales"
"948","10.1073/pnas.2218593120","universal interpretations of vocal music"
"949","10.1016/j.cub.2023.02.070","large-scale iterated singing experiments reveal oral transmission mechanisms underlying music evolution"
"952","10.18061/emr.v11i2.4961","mcflow: a digital corpus of rap transcriptions"
"953","10.3389/fpsyg.2018.00344","“the two brothers”: reconciling perceptual-cognitive and statistical models of musical evolution"
"954","10.1177/2059204318786084","alan lomax’s cantometrics project: a comprehensive review"
"955",NA,"measuring the cultural evolution of music: with case studies of british-american and japanese folk, art, and popular music"
"956","10.5406/ethnomusicology.58.1.0133","mapping music: cluster analysis of song-type frequencies within and between cultures"
"958","10.6084/M9.FIGSHARE.1468015","""automatic tune family identification by musical sequence alignment"" supplementary metadata"
"959","10.1140/epjds/s13688-015-0039-z","topology and evolution of the network of western classical music composers"
"960","10.1126/science.177.4045.228","the evolutionary taxonomy of culture: a few behavioral factors account for the regional variation and evolutionary development of culture."
"961","10.1371/journal.pone.0179303","waves of novelties in the expansion into the adjacent possible"
"962","10.1080/0022250X.2021.1956918","drifting to the top? disentangling mechanisms influencing the turnover rate of popular music"
"963","10.1016/j.poetic.2015.06.005","a community ecology of genres"
"964","10.1098/rspb.2011.1750","the structure of cross-cultural musical diversity"
"965","10.3389/fnins.2018.00020","the evolution of musicality: what can be learned from language evolution research?"
"968","10.1073/pnas.1800666115","acoustic evolution of old italian violins from amati to stradivari"
"969",NA,"climbing the charts: what radio airplay tells us about the diffusion of innovation"
"970","10.1057/s41599-021-00881-z","cultural macroevolution of musical instruments in south america"
"971","10.1016/j.evolhumbehav.2021.06.002","phylogenetic reconstruction of the cultural evolution of electronic music via dynamic community detection (1975–1999)"
"975","10.1177/0003122417728662","what makes popular culture popular? product features and optimal differentiation in music"
"978","10.1073/pnas.1619443114","listener evaluations of new and old italian violins"
"980","10.1098/rsos.221443","here comes the sun: music features of popular songs reflect prevailing weather conditions"
"981",NA,"the history of music production"
"982",NA,"musical instruments: history, technology, and performance of instruments of western music"
"983","10.1140/epjds/s13688-023-00377-7","novelty and cultural evolution in modern popular music"
"986","10.31234/osf.io/7b98u","global music discoveries reveal cultural shifts during the war in ukraine"
"987","10.1140/epjds/s13688-024-00476-z","first-mover advantage in music"
"988","10.1038/s41598-019-52380-6","statistical evolutionary laws in music styles"
"989","10.5753/sbbd.2023.232399","from exploration to exploitation: understanding the evolution of music careers through a data-driven approach"
"990","10.1038/s41467-025-60538-2","mechanisms of cultural diversity in urban populations"
"992","10.1177/17540739241259562","music as an evolved tool for socio-affective fiction"
"993","10.1111/bjop.12073","serial killers, spiders and cybersex: social and survival information bias in the transmission of urban legends"
"995","10.1037/0022-3514.81.6.1028","emotional selection in memes: the case of urban legends"
"998","10.1163/156853704323074732","the hierarchical transformation of event knowledge in human cultural transmission"
"999","10.1353/phl.2001.0035","narrative theory and function: why evolution matters"
